id,title,image,album,url
1,https://drive.google.com/uc?export=view&id=1Uku2Elmmgd0h-EIX1J70eQP0kuYWzL5N,https://drive.google.com/uc?export=view&id=1iRgDqDOJMj_itPPnlIRSNsTAh-OXwInH,dhamma song,https://drive.google.com/uc?export=view&id=1VLyPmFDkVSnRdxe3mu1Nr3mJx3QnrDLh
2,https://drive.google.com/uc?export=view&id=1V1F7MndztcjHad6pEDvl_X3u3j82znE9,https://drive.google.com/uc?export=view&id=1bf4YRNoFLleXvHZhMeURuwwLKNxBraTt,dhamma song,https://drive.google.com/uc?export=view&id=1Iq70G12rEMmtplwcqlrKTpJte06TRwyr
3,https://drive.google.com/uc?export=view&id=1ReoKFdnuRJLmKHDbRygXVK-r267m2EWR,https://drive.google.com/uc?export=view&id=1XcqBWXZK9LBQwOAt4U0LNoQ2FfvR7bFU,dhamma song,https://drive.google.com/uc?export=view&id=12qGzIyGtrkteVbgtBC4Oy8QIC6pKGVUl
4,https://drive.google.com/uc?export=view&id=1XMNoWkiBgdRPU6xcB72DgX4HzNOpVM0a,https://drive.google.com/uc?export=view&id=12JOwTPNErN0L7XKgRQA3O8A8AJtDqhSq,dhamma song,https://drive.google.com/uc?export=view&id=1-zFtHVmRvDJdgv4TIGUdGBHYSNIXH0ZC
5,https://drive.google.com/uc?export=view&id=1zrZNVgiLr7pyAUFn3T1vKmMNzlmc1A1t,https://drive.google.com/uc?export=view&id=1PLDrm9dMYYO1YN94Hz2mPODGd2XPnsBD,dhamma song,https://drive.google.com/uc?export=view&id=1zltXZneNNXBfH-EjhXUES3Xc-_y1bow7
6,,https://drive.google.com/uc?export=view&id=1Ky_h6GbUt_LU-YsMug2S11j_Z8tD5Cr6,dhamma song,https://drive.google.com/uc?export=view&id=1FUOuDx3u9qORoNhfplDe1nl8sx2JsQWz
7,,https://drive.google.com/uc?export=view&id=10kCuHo0JyRk9IK-L6ym7IEoo6hAqnBVT,dhamma song,https://drive.google.com/uc?export=view&id=1tX8HkP2z4NHtXNKUoGgdSYQoGemtHeir
8,,https://drive.google.com/uc?export=view&id=1f4SSoiuiUZfKe8e8n-RnSbcj3-f3WZ2b,dhamma song,https://drive.google.com/uc?export=view&id=1yyVjkGt-F0Xxb5UE-vf8s9nVdZH_6I8r
9,,https://drive.google.com/uc?export=view&id=1a18BsNwvUk9wAUuFIPzOVx41fTWhVcse,dhamma song,https://drive.google.com/uc?export=view&id=10Srzhtlpv79Bk3Zenhq9rNosLVDzTylX
10,,https://drive.google.com/uc?export=view&id=1EZbwFkSwNXbKKGdY9f_kGh4o8zYugAOs,dhamma song,https://drive.google.com/uc?export=view&id=1rDHwzNCGCwsUe2j54AgJTmGzltOKwGjA
11,,https://drive.google.com/uc?export=view&id=17leY2jiceIprc4jyQPDyYlO010PIFsmc,dhamma song,https://drive.google.com/uc?export=view&id=1fBtBg5MoVBJa-ITm9T-l91bT_gNLnWE4
